{
  "Deepfakes": {
    "baseline": null,
    "physics": {
      "accuracy": 0.6807142857142857,
      "n_real": 1400.0,
      "n_fake": 1400.0,
      "auroc": 0.8043456632653061,
      "video_auroc_mean": 0.8632142857142857,
      "video_auroc_max": 0.8368367346938776,
      "video_accuracy_mean": 0.7142857142857143,
      "n_videos": 280.0,
      "n_video_real": 140.0,
      "n_video_fake": 140.0
    }
  },
  "Face2Face": {
    "baseline": null,
    "physics": {
      "accuracy": 0.6367857142857143,
      "n_real": 1400.0,
      "n_fake": 1400.0,
      "auroc": 0.6983576530612245,
      "video_auroc_mean": 0.7629081632653061,
      "video_auroc_max": 0.695561224489796,
      "video_accuracy_mean": 0.65,
      "n_videos": 280.0,
      "n_video_real": 140.0,
      "n_video_fake": 140.0
    }
  },
  "FaceSwap": {
    "baseline": null,
    "physics": {
      "accuracy": 0.6392857142857142,
      "n_real": 1400.0,
      "n_fake": 1400.0,
      "auroc": 0.7169801020408164,
      "video_auroc_mean": 0.7862755102040817,
      "video_auroc_max": 0.7467857142857143,
      "video_accuracy_mean": 0.6892857142857143,
      "n_videos": 280.0,
      "n_video_real": 140.0,
      "n_video_fake": 140.0
    }
  },
  "NeuralTextures": {
    "baseline": null,
    "physics": {
      "accuracy": 0.5782142857142857,
      "n_real": 1400.0,
      "n_fake": 1400.0,
      "auroc": 0.609247193877551,
      "video_auroc_mean": 0.6445918367346939,
      "video_auroc_max": 0.5717857142857143,
      "video_accuracy_mean": 0.5964285714285714,
      "n_videos": 280.0,
      "n_video_real": 140.0,
      "n_video_fake": 140.0
    }
  },
  "Combined": {
    "baseline": null,
    "physics": {
      "accuracy": 0.7101428571428572,
      "n_real": 1400.0,
      "n_fake": 5600.0,
      "auroc": 0.7072326530612245,
      "video_auroc_mean": 0.796734693877551,
      "video_auroc_max": 0.9261224489795918,
      "video_accuracy_mean": 0.725,
      "n_videos": 280.0,
      "n_video_real": 140.0,
      "n_video_fake": 140.0
    }
  }
}