{
  "Deepfakes": {
    "baseline": {
      "accuracy": 0.7010714285714286,
      "n_real": 1400.0,
      "n_fake": 1400.0,
      "auroc": 0.8116874999999999,
      "video_auroc_mean": 0.8712755102040817,
      "video_auroc_max": 0.8332397959183674,
      "video_accuracy_mean": 0.75,
      "n_videos": 280.0,
      "n_video_real": 140.0,
      "n_video_fake": 140.0
    },
    "physics": {
      "accuracy": 0.6892857142857143,
      "n_real": 1400.0,
      "n_fake": 1400.0,
      "auroc": 0.8269984693877551,
      "video_auroc_mean": 0.8786734693877551,
      "video_auroc_max": 0.8430102040816326,
      "video_accuracy_mean": 0.7035714285714286,
      "n_videos": 280.0,
      "n_video_real": 140.0,
      "n_video_fake": 140.0
    }
  },
  "Face2Face": {
    "baseline": {
      "accuracy": 0.6607142857142857,
      "n_real": 1400.0,
      "n_fake": 1400.0,
      "auroc": 0.7394127551020409,
      "video_auroc_mean": 0.8028571428571429,
      "video_auroc_max": 0.7473979591836735,
      "video_accuracy_mean": 0.7178571428571429,
      "n_videos": 280.0,
      "n_video_real": 140.0,
      "n_video_fake": 140.0
    },
    "physics": {
      "accuracy": 0.6375,
      "n_real": 1400.0,
      "n_fake": 1400.0,
      "auroc": 0.7094382653061224,
      "video_auroc_mean": 0.7731122448979592,
      "video_auroc_max": 0.7209183673469388,
      "video_accuracy_mean": 0.6607142857142857,
      "n_videos": 280.0,
      "n_video_real": 140.0,
      "n_video_fake": 140.0
    }
  },
  "FaceSwap": {
    "baseline": {
      "accuracy": 0.6696428571428571,
      "n_real": 1400.0,
      "n_fake": 1400.0,
      "auroc": 0.7480224489795919,
      "video_auroc_mean": 0.815,
      "video_auroc_max": 0.7889795918367347,
      "video_accuracy_mean": 0.7178571428571429,
      "n_videos": 280.0,
      "n_video_real": 140.0,
      "n_video_fake": 140.0
    },
    "physics": {
      "accuracy": 0.635,
      "n_real": 1400.0,
      "n_fake": 1400.0,
      "auroc": 0.7256076530612245,
      "video_auroc_mean": 0.7798979591836734,
      "video_auroc_max": 0.775561224489796,
      "video_accuracy_mean": 0.6535714285714286,
      "n_videos": 280.0,
      "n_video_real": 140.0,
      "n_video_fake": 140.0
    }
  },
  "NeuralTextures": {
    "baseline": {
      "accuracy": 0.5767857142857142,
      "n_real": 1400.0,
      "n_fake": 1400.0,
      "auroc": 0.6243168367346938,
      "video_auroc_mean": 0.6646938775510204,
      "video_auroc_max": 0.6080612244897959,
      "video_accuracy_mean": 0.6214285714285714,
      "n_videos": 280.0,
      "n_video_real": 140.0,
      "n_video_fake": 140.0
    },
    "physics": {
      "accuracy": 0.5810714285714286,
      "n_real": 1400.0,
      "n_fake": 1400.0,
      "auroc": 0.6165948979591838,
      "video_auroc_mean": 0.6522448979591836,
      "video_auroc_max": 0.5958163265306122,
      "video_accuracy_mean": 0.5928571428571429,
      "n_videos": 280.0,
      "n_video_real": 140.0,
      "n_video_fake": 140.0
    }
  },
  "Combined": {
    "baseline": {
      "accuracy": 0.7192857142857143,
      "n_real": 1400.0,
      "n_fake": 5600.0,
      "auroc": 0.7308598852040816,
      "video_auroc_mean": 0.8178571428571428,
      "video_auroc_max": 0.9130102040816327,
      "video_accuracy_mean": 0.7571428571428571,
      "n_videos": 280.0,
      "n_video_real": 140.0,
      "n_video_fake": 140.0
    },
    "physics": {
      "accuracy": 0.7137142857142857,
      "n_real": 1400.0,
      "n_fake": 5600.0,
      "auroc": 0.7196598214285714,
      "video_auroc_mean": 0.8175510204081634,
      "video_auroc_max": 0.9273469387755102,
      "video_accuracy_mean": 0.7071428571428572,
      "n_videos": 280.0,
      "n_video_real": 140.0,
      "n_video_fake": 140.0
    }
  }
}